{"cameraMode":{"drawMode":0,"name":"Shaded","section":"Shading Mode"},"sceneLighting":true,"audioPlay":false,"sceneViewState":{"showFog":true,"showMaterialUpdate":false,"showSkybox":true,"showFlares":true,"showImageEffects":true,"showParticleSystems":true},"in2DMode":false,"pivot":{"x":0.3027985692024231,"y":5.878441333770752,"z":-11.279278755187989},"rotation":{"x":-0.03780019283294678,"y":-0.006898080930113792,"z":0.00025204295525327325,"w":-0.9992757439613342},"size":3.8827290534973146,"orthographic":false}