{"cameraMode":{"drawMode":0,"name":"Shaded","section":"Shading Mode"},"sceneLighting":false,"audioPlay":false,"sceneViewState":{"showFog":true,"showMaterialUpdate":false,"showSkybox":false,"showFlares":true,"showImageEffects":true,"showParticleSystems":true},"in2DMode":false,"pivot":{"x":-32.189998626708987,"y":3.1877951622009279,"z":0.24999859929084779},"rotation":{"x":-0.08675523847341538,"y":0.1005445271730423,"z":-0.008800489827990532,"w":-0.9911312460899353},"size":9.191834449768067,"orthographic":true}